{
  "model_type": "XGBoost",
  "timestamp": "20260104_000220",
  "feature_columns": [
    "transaction_amount",
    "transaction_count_1min",
    "transaction_count_1hour",
    "total_amount_1min",
    "total_amount_1hour",
    "distance_from_home_km",
    "time_since_last_txn_minutes",
    "velocity_kmh",
    "merchant_reputation_score",
    "customer_age_days",
    "is_known_device",
    "is_vpn_detected",
    "device_usage_count",
    "hour_of_day",
    "day_of_week",
    "merchant_category_risk"
  ],
  "metrics": {
    "auc_score": 0.8475690721649485,
    "classification_report": {
      "0": {
        "precision": 0.9852210038820405,
        "recall": 0.9942268041237113,
        "f1-score": 0.9897034173707796,
        "support": 14550.0
      },
      "1": {
        "precision": 0.7350157728706624,
        "recall": 0.5177777777777778,
        "f1-score": 0.6075619295958279,
        "support": 450.0
      },
      "accuracy": 0.9799333333333333,
      "macro avg": {
        "precision": 0.8601183883763515,
        "recall": 0.7560022909507446,
        "f1-score": 0.7986326734833038,
        "support": 15000.0
      },
      "weighted avg": {
        "precision": 0.9777148469516992,
        "recall": 0.9799333333333333,
        "f1-score": 0.978239172737531,
        "support": 15000.0
      }
    },
    "confusion_matrix": [
      [
        14466,
        84
      ],
      [
        217,
        233
      ]
    ],
    "false_positive_rate": 0.00577319587628866,
    "true_positives": 233,
    "false_positives": 84,
    "true_negatives": 14466,
    "false_negatives": 217
  },
  "best_hyperparameters": {
    "n_estimators": 55,
    "max_depth": 8,
    "learning_rate": 0.08779592386243808,
    "subsample": 0.6919033482448055,
    "colsample_bytree": 0.7727437451537283,
    "min_child_weight": 2,
    "gamma": 0.18657859813194422,
    "reg_alpha": 0.5437060822568369,
    "reg_lambda": 0.5594626561747125
  },
  "model_path": "../models/xgboost_fraud_model_20260104_000220.pkl"
}